<?xml version="1.0" encoding="UTF-8"?>
<!--
    Licensed Materials - Property of IBM
    5725-I43 (C) Copyright IBM Corp. 2011, 2013. All Rights Reserved.
    US Government Users Restricted Rights - Use, duplication or
    disclosure restricted by GSA ADP Schedule Contract with IBM Corp.
-->
<wl:adapter name="StoreHTTP"
	xmlns:xsi="http://www.w3.org/2001/XMLSchema-instance" 
	xmlns:wl="http://www.worklight.com/integration"
	xmlns:http="http://www.worklight.com/integration/http">

	<displayName>StoreHTTP</displayName>
	<description>StoreHTTP</description>
	<connectivity>
		<connectionPolicy xsi:type="http:HTTPConnectionPolicyType">
			<protocol>http</protocol>
			<domain>www.unasp-ec.com</domain>
			<port>80</port>	
			<!-- Following properties used by adapter's key manager for choosing specific certificate from key store  
			<sslCertificateAlias></sslCertificateAlias> 
			<sslCertificatePassword></sslCertificatePassword>
			-->		
		</connectionPolicy>
		<loadConstraints maxConcurrentConnectionsPerNode="2" />
	</connectivity>

<procedure name="retornaCurso"/>
<procedure name="retornaPeriodo"/>
<procedure name="retornaTurma"/>
<procedure name="retornaDisciplina"/>	
<procedure name="retornaAvaliacoes"/>	
<procedure name="retornaMedia"/>	
<procedure name="getFinanceiro"/>	

</wl:adapter>
